experiment_category,model,conditioning,prompt_type,total_count,score_sum_mean,statistical_score_mean,physical_score_mean,discard_rate,statistical_proportion,physical_proportion
bouncing,COSMOS-predict1,multi_frame_conditioning,enhanced,3,0.4372461905636975,0.216513967099779,0.2207322234639185,0.3333333333333333,0.4951763372041031,0.5048236627958969
bouncing,COSMOS-predict1,multi_frame_conditioning,plain,3,0.5052506659889511,0.3030938453309519,0.2021568206579992,0.3333333333333333,0.5998880669215784,0.40011193307842174
bouncing,COSMOS-predict1,single_frame_conditioning,enhanced,23,0.32500122135956483,0.0795144449407558,0.245486776418809,0.34782608695652173,0.24465891115155244,0.7553410888484475
bouncing,COSMOS-predict1,single_frame_conditioning,plain,22,0.36661603997146647,0.07952402219889279,0.2870920177725737,0.2727272727272727,0.21691364678174502,0.783086353218255
bouncing,COSMOS-predict2,multi_frame_conditioning,enhanced,3,0.8330459999697816,0.4618086127892505,0.371237387180531,0.0,0.5543614792052329,0.44563852079476707
bouncing,COSMOS-predict2,multi_frame_conditioning,plain,3,0.8652473628063714,0.4577974423928772,0.4074499204134942,0.0,0.5290942938075444,0.47090570619245564
bouncing,COSMOS-predict2,single_frame_conditioning,enhanced,23,0.5468765727509255,0.14774692485980057,0.399129647891125,0.08695652173913043,0.2701650284937179,0.7298349715062822
bouncing,COSMOS-predict2,single_frame_conditioning,plain,22,0.5280704443440021,0.13727527900999845,0.39079516533400366,0.045454545454545456,0.25995637604852,0.74004362395148
bouncing,CogVideo,keyframe_interpolation,enhanced,23,0.4949402336027751,0.22493720172640636,0.27000303187636876,0.30434782608695654,0.45447346256141,0.5455265374385899
bouncing,CogVideo,keyframe_interpolation,plain,23,0.4927572114783457,0.1592610175388778,0.33349619393946783,0.08695652173913043,0.32320382904406575,0.676796170955934
bouncing,CogVideo,multi_frame_conditioning,enhanced,23,0.40717313481966955,0.09192397479735749,0.31524916002231207,0.08695652173913043,0.22576139469041626,0.7742386053095838
bouncing,CogVideo,multi_frame_conditioning,plain,23,0.2773155561608227,0.0393392262885503,0.23797632987227238,0.17391304347826086,0.14185726481833724,0.8581427351816626
bouncing,CogVideo,single_frame_conditioning,enhanced,23,0.1770049364265167,0.01209894171657093,0.16490599470994577,0.391304347826087,0.06835369657384546,0.9316463034261545
bouncing,CogVideo,single_frame_conditioning,plain,22,0.21673342905112458,0.018967445142760372,0.19776598390836425,0.2727272727272727,0.08751508812369779,0.9124849118763024
bouncing,LTX,multi_frame_conditioning,enhanced,23,0.2129852879685108,0.00021659047260419564,0.2127686974959066,0.13043478260869565,0.0010169269186152325,0.9989830730813848
bouncing,LTX,multi_frame_conditioning,plain,23,0.17350410119214232,0.029383369993875884,0.14412073119826643,0.391304347826087,0.16935259623250107,0.8306474037674989
bouncing,LTX,single_frame_conditioning,enhanced,23,0.1273601772573911,0.0,0.1273601772573911,0.43478260869565216,0.0,1.0
bouncing,LTX,single_frame_conditioning,plain,22,0.18654198222681606,0.018206893952107662,0.1683350882747084,0.36363636363636365,0.0976021254559734,0.9023978745440265
bouncing,PyramidalFlow,multi_frame_conditioning,plain,13,0.3429955002163542,0.043174440055825485,0.29982106016052873,0.23076923076923078,0.1258746544155593,0.8741253455844407
bouncing,PyramidalFlow,single_frame_conditioning,enhanced,23,0.26682799602303287,0.007016132961818959,0.2598118630612139,0.2608695652173913,0.02629459077155202,0.973705409228448
bouncing,PyramidalFlow,single_frame_conditioning,plain,21,0.318272503290456,0.017536024303205725,0.30073647898725026,0.19047619047619047,0.055097515876834396,0.9449024841231656
bouncing,WAN-2.1,keyframe_interpolation,enhanced,23,0.8899732633820888,0.46879947147111817,0.4211737919109706,0.0,0.526756803557873,0.47324319644212687
bouncing,WAN-2.1,keyframe_interpolation,plain,21,0.8772886278516585,0.46310762983514764,0.4141809980165108,0.0,0.5278851396594815,0.4721148603405184
bouncing,WAN-2.1,single_frame_conditioning,enhanced,21,0.32205965201984355,0.11806710321603095,0.20399254880381262,0.2857142857142857,0.3666001080096687,0.6333998919903314
collision,COSMOS-predict1,multi_frame_conditioning,enhanced,60,0.3892967571695311,0.20160178450846206,0.2093398794546029,0.4057971014492754,0.51786145349438,0.5377385647305546
collision,COSMOS-predict1,multi_frame_conditioning,plain,60,0.22210737531185623,0.14694462803909453,0.1102551635786952,0.6376811594202898,0.6615927446478205,0.496404783604724
collision,COSMOS-predict1,single_frame_conditioning,enhanced,62,0.17199422215648474,0.08318193995332314,0.10116824269997343,0.6666666666666666,0.4836321761881168,0.5882072166815463
collision,COSMOS-predict1,single_frame_conditioning,plain,63,0.15692328471311037,0.08951831859996254,0.088203215374376,0.6811594202898551,0.5704591180564526,0.5620785693826796
collision,COSMOS-predict2,multi_frame_conditioning,enhanced,53,0.49966926644832543,0.28073474513902247,0.2395835885470117,0.3770491803278688,0.5618411297026518,0.4794843402116445
collision,COSMOS-predict2,multi_frame_conditioning,plain,60,0.4718423848321932,0.24490682102016822,0.239534689343261,0.391304347826087,0.5190437080112404,0.5076582711585979
collision,COSMOS-predict2,single_frame_conditioning,enhanced,64,0.18375549644751743,0.09831649882534048,0.10517319271346011,0.6956521739130435,0.5350397714683911,0.5723539961891628
collision,COSMOS-predict2,single_frame_conditioning,plain,62,0.09896890377352256,0.04736389883747914,0.05475604947310741,0.84375,0.4785735421083905,0.5532651912403667
collision,CogVideo,keyframe_interpolation,enhanced,60,0.45062605236342035,0.21703852364207332,0.25374346121364094,0.2753623188405797,0.48163776262770613,0.5630909706236918
collision,CogVideo,keyframe_interpolation,plain,61,0.4724541039125396,0.2351499557080815,0.24088579267599142,0.2753623188405797,0.4977202097743071,0.509860726536485
collision,CogVideo,multi_frame_conditioning,enhanced,60,0.3237494715188823,0.18896203214863894,0.16190105792202786,0.43478260869565216,0.5836674613308765,0.5000813041098205
collision,CogVideo,multi_frame_conditioning,plain,60,0.3076741419369618,0.17794703250625876,0.15069676948440217,0.463768115942029,0.5783620013888514,0.4897934175933376
collision,CogVideo,single_frame_conditioning,enhanced,63,0.17044511611056384,0.10919214830176258,0.08376469862281716,0.6521739130434783,0.6406293755635223,0.4914467515072765
collision,CogVideo,single_frame_conditioning,plain,64,0.16020231988887934,0.08021170765115947,0.08941263036555804,0.6521739130434783,0.5006900505984961,0.5581231933943095
collision,LTX,multi_frame_conditioning,enhanced,60,0.40131318370815067,0.19027865659315168,0.219284385065604,0.4090909090909091,0.47414005898079126,0.5464170975879912
collision,LTX,multi_frame_conditioning,plain,60,0.3458891824456384,0.17418296218214926,0.1779412448463334,0.4696969696969697,0.503580253509445,0.5144458221797656
collision,LTX,single_frame_conditioning,enhanced,60,0.11120765452199945,0.08609082697815336,0.06211949577286361,0.7246376811594203,0.7741447955915894,0.5585901082067596
collision,LTX,single_frame_conditioning,plain,60,0.1892989852813509,0.10870519141004382,0.10801427249533568,0.6376811594202898,0.5742513159723371,0.5706014342062978
collision,PyramidalFlow,multi_frame_conditioning,enhanced,60,0.41029484356451523,0.17279726250099037,0.24969592834457438,0.4393939393939394,0.4211538731507834,0.6085768131407479
collision,PyramidalFlow,multi_frame_conditioning,plain,60,0.36725689684698887,0.1668788848906061,0.2203366593675182,0.48484848484848486,0.45439278696550456,0.5999524073180785
collision,PyramidalFlow,single_frame_conditioning,enhanced,60,0.3916116585553401,0.15772456683124564,0.25028310318744335,0.4057971014492754,0.4027575874862699,0.6391104496498919
collision,PyramidalFlow,single_frame_conditioning,plain,60,0.4666745714021857,0.18336851464150503,0.29737886254584317,0.2898550724637681,0.3929258757136691,0.6372296258875406
collision,WAN-2.1,keyframe_interpolation,enhanced,60,0.08026850797137214,0.06180124102151789,0.052790061283058055,0.7681159420289855,0.76993135394468,0.6576684009360894
collision,WAN-2.1,keyframe_interpolation,plain,27,0.2955764716837195,0.16740706853860804,0.18443236264600782,0.4722222222222222,0.5663748118549211,0.6239751141063724
collision,WAN-2.1,single_frame_conditioning,enhanced,63,0.15258186372657093,0.10481100798722394,0.07404662541912042,0.7391304347826086,0.6869165536937397,0.48529113231840665
collision,WAN-2.1,single_frame_conditioning,plain,63,0.05003034996324399,0.03991825902154951,0.028366971192166746,0.8405797101449275,0.7978808673310586,0.5669952581384545
double pendulum,COSMOS-predict1,multi_frame_conditioning,enhanced,3,0.39403502571024385,0.19027000417311987,0.20376502153712397,0.3333333333333333,0.4828758657435599,0.5171241342564401
double pendulum,COSMOS-predict1,multi_frame_conditioning,plain,1,0.8251741416030699,0.4942163927480578,0.3309577488550121,0.0,0.5989237517646168,0.4010762482353832
double pendulum,COSMOS-predict1,single_frame_conditioning,enhanced,23,0.03762241708957972,0.01985417209241701,0.01776824499716271,0.9565217391304348,0.5277218644709571,0.4722781355290429
double pendulum,COSMOS-predict1,single_frame_conditioning,plain,23,0.10313638367125508,0.05184497781421827,0.051291405857036794,0.8695652173913043,0.5026836890022534,0.4973163109977465
double pendulum,COSMOS-predict2,multi_frame_conditioning,enhanced,3,0.7457088238889608,0.4473338980120995,0.29837492587686143,0.0,0.5998774369856584,0.40012256301434185
double pendulum,COSMOS-predict2,multi_frame_conditioning,plain,1,0.7811838651314142,0.4312673285603523,0.3499165365710619,0.0,0.5520689146438049,0.4479310853561951
double pendulum,COSMOS-predict2,single_frame_conditioning,enhanced,23,0.1554404400617634,0.08600171497306766,0.06943872508869575,0.8260869565217391,0.5532776087026989,0.44672239129730107
double pendulum,COSMOS-predict2,single_frame_conditioning,plain,23,0.1059080791593146,0.05479355658526006,0.051114522574054556,0.8695652173913043,0.5173689960218769,0.4826310039781232
double pendulum,CogVideo,keyframe_interpolation,enhanced,23,0.1557056404253715,0.07691841831673747,0.07878722210863404,0.7391304347826086,0.493998920698084,0.5060010793019161
double pendulum,CogVideo,keyframe_interpolation,plain,22,0.056785605185999906,0.03167844800786539,0.025107157178134522,0.9090909090909091,0.55786053356486,0.44213946643514007
double pendulum,CogVideo,multi_frame_conditioning,enhanced,20,0.3639822784192167,0.23636762655916668,0.14059251540668824,0.47619047619047616,0.6493932275651348,0.3862619796141854
double pendulum,CogVideo,multi_frame_conditioning,plain,20,0.29850896062351273,0.22571430938399356,0.110912010572138,0.5217391304347826,0.7561391420630429,0.37155337092886503
double pendulum,CogVideo,single_frame_conditioning,enhanced,21,0.33263510604781815,0.22833287911287145,0.12831861409928877,0.5217391304347826,0.6864365034280155,0.38576389492948543
double pendulum,CogVideo,single_frame_conditioning,plain,21,0.24101742720072064,0.18399603762056516,0.08348434071917213,0.6086956521739131,0.7634138317613532,0.3463830051162479
double pendulum,LTX,multi_frame_conditioning,enhanced,21,0.40994897045226525,0.25812110145141004,0.1729265193465824,0.43478260869565216,0.6296420287789596,0.4218244996585937
double pendulum,LTX,multi_frame_conditioning,plain,16,0.2833955560563017,0.24921791933801224,0.10904039597512466,0.47619047619047616,0.8793995318984485,0.384763958519737
double pendulum,LTX,single_frame_conditioning,enhanced,23,0.1468436049304508,0.08273521820893107,0.06410838672151974,0.8260869565217391,0.5634240472924699,0.43657595270753025
double pendulum,LTX,single_frame_conditioning,plain,22,0.2522631814170893,0.16618873578250792,0.10123755862501298,0.6521739130434783,0.6587910881363745,0.40131721980318585
double pendulum,PyramidalFlow,multi_frame_conditioning,enhanced,22,0.4050404773033399,0.2393206911603391,0.1657197861430008,0.5,0.5908562343044762,0.40914376569552374
double pendulum,PyramidalFlow,multi_frame_conditioning,plain,18,0.2558448034063524,0.2254359340703282,0.1038308024829796,0.5217391304347826,0.8811432988626058,0.4058351043310719
double pendulum,PyramidalFlow,single_frame_conditioning,enhanced,22,0.37876162033042715,0.24644735594705233,0.143523778375676,0.4782608695652174,0.6506661253905678,0.3789290431550788
double pendulum,PyramidalFlow,single_frame_conditioning,plain,18,0.3895006736395702,0.29338575012313767,0.1505255196687794,0.391304347826087,0.7532355397018549,0.38645766196561254
double pendulum,WAN-2.1,keyframe_interpolation,enhanced,23,0.2610905044905874,0.14561270171796661,0.11547780277262079,0.6521739130434783,0.5577096800286588,0.44229031997134116
double pendulum,WAN-2.1,keyframe_interpolation,plain,15,0.5617369637738203,0.2919922465613733,0.2697447172124471,0.2,0.5198024438337336,0.48019755616626647
double pendulum,WAN-2.1,single_frame_conditioning,enhanced,17,0.0,0.0,0.0,1.0,0.0,0.0
falling,COSMOS-predict1,multi_frame_conditioning,enhanced,27,0.07045075775509878,0.021631183448355136,0.048819574306743635,0.8518518518518519,0.3070397556765755,0.6929602443234244
falling,COSMOS-predict1,multi_frame_conditioning,plain,27,0.1228096533843412,0.03710756208124829,0.08570209130309292,0.7407407407407407,0.3021550917102391,0.697844908289761
falling,COSMOS-predict1,single_frame_conditioning,enhanced,119,0.23313251407445387,0.050277639806770844,0.18285487426768304,0.5294117647058824,0.21566120884671638,0.7843387911532836
falling,COSMOS-predict1,single_frame_conditioning,plain,119,0.25209136541735044,0.053624403084878786,0.19846696233247166,0.4957983193277311,0.2127181270016955,0.7872818729983044
falling,COSMOS-predict2,multi_frame_conditioning,enhanced,27,0.218749679651514,0.09216945960488757,0.12658022004662647,0.6666666666666666,0.4213467180922093,0.5786532819077909
falling,COSMOS-predict2,multi_frame_conditioning,plain,27,0.20632618514177262,0.08174447305899753,0.12458171208277508,0.6666666666666666,0.39619049323685485,0.603809506763145
falling,COSMOS-predict2,single_frame_conditioning,enhanced,119,0.5884970758475867,0.26886201234762247,0.3196350634999643,0.21008403361344538,0.4568621041326199,0.5431378958673801
falling,COSMOS-predict2,single_frame_conditioning,plain,119,0.44279488883899837,0.17959353195578437,0.263201356883214,0.36134453781512604,0.4055907971898139,0.5944092028101862
falling,CogVideo,keyframe_interpolation,enhanced,119,0.37076068793665207,0.08241945787330958,0.2883412300633425,0.15966386554621848,0.22229826557931007,0.77770173442069
falling,CogVideo,keyframe_interpolation,plain,119,0.3386663904566456,0.061557806446741734,0.27710858400990385,0.15126050420168066,0.18176532476027338,0.8182346752397266
falling,CogVideo,multi_frame_conditioning,enhanced,119,0.29869823110519816,0.09291274187059827,0.2057854892345999,0.453781512605042,0.31105889555092625,0.6889411044490737
falling,CogVideo,multi_frame_conditioning,plain,73,0.2733271196919899,0.07884371897967285,0.19448340071231707,0.4931506849315068,0.2884591879083246,0.7115408120916754
falling,CogVideo,single_frame_conditioning,enhanced,119,0.30501387529206647,0.07576010339989961,0.22925377189216686,0.3025210084033613,0.24838248203415472,0.7516175179658453
falling,CogVideo,single_frame_conditioning,plain,119,0.28891703963275905,0.08919975633867192,0.19971728329408717,0.42016806722689076,0.30873830235853605,0.6912616976414641
falling,LTX,multi_frame_conditioning,enhanced,119,0.2998287914351203,0.10058545606532225,0.19924333536979805,0.3697478991596639,0.3354763082753774,0.6645236917246226
falling,LTX,multi_frame_conditioning,plain,73,0.21614502423832863,0.07061855665512799,0.14552646758320062,0.5616438356164384,0.32671840077734865,0.6732815992226513
falling,LTX,single_frame_conditioning,enhanced,119,0.29010355133742416,0.0713448238712409,0.21875872746618327,0.40336134453781514,0.24592881935546723,0.7540711806445328
falling,LTX,single_frame_conditioning,plain,119,0.3202458375381185,0.09623271383891022,0.2240131236992083,0.3277310924369748,0.3004963767170143,0.6995036232829858
falling,PyramidalFlow,multi_frame_conditioning,enhanced,119,0.34257336305985553,0.09100846772773864,0.25156489533211684,0.3697478991596639,0.2656612496513261,0.7343387503486738
falling,PyramidalFlow,multi_frame_conditioning,plain,73,0.2917662879480169,0.07404618678588291,0.21772010116213403,0.4794520547945205,0.25378595761233214,0.746214042387668
falling,PyramidalFlow,single_frame_conditioning,enhanced,119,0.2907514442440558,0.05198370869985358,0.23876773554420228,0.42016806722689076,0.17879088729897633,0.8212091127010238
falling,PyramidalFlow,single_frame_conditioning,plain,119,0.28449736931937164,0.04823827205951437,0.23625909725985722,0.3949579831932773,0.169556126915757,0.8304438730842428
falling,WAN-2.1,keyframe_interpolation,enhanced,119,0.46541971400628934,0.09672140489628497,0.36869830911000434,0.025210084033613446,0.20781544482444925,0.7921845551755506
falling,WAN-2.1,keyframe_interpolation,plain,76,0.49892739480616993,0.11949477998658366,0.37943261481958623,0.02631578947368421,0.23950334503681964,0.7604966549631803
falling,WAN-2.1,single_frame_conditioning,enhanced,119,0.3561374365506694,0.12789310424334122,0.22824433230732816,0.3445378151260504,0.35911165498925374,0.6408883450107463
falling,WAN-2.1,single_frame_conditioning,plain,119,0.3621820208087126,0.13300683618937761,0.22917518461933498,0.31932773109243695,0.36723754506749945,0.6327624549325005
holonomic pendulum,COSMOS-predict1,multi_frame_conditioning,enhanced,8,0.31018687578274284,0.3155900938668185,0.144519129944337,0.23809523809523808,1.0174192350029023,0.46590987958355545
holonomic pendulum,COSMOS-predict1,multi_frame_conditioning,plain,5,0.13765924863858042,0.3120721534705277,0.06425400266978938,0.21052631578947367,2.2669900973371013,0.46676124782931244
holonomic pendulum,COSMOS-predict1,single_frame_conditioning,enhanced,29,0.37911657148373185,0.23836098557558646,0.2027468881850992,0.34146341463414637,0.6287274245035599,0.534787723447745
holonomic pendulum,COSMOS-predict1,single_frame_conditioning,plain,33,0.2777045290552545,0.18436724634810556,0.14820235449423075,0.5121951219512195,0.6638971534793451,0.5336692022935756
holonomic pendulum,COSMOS-predict2,multi_frame_conditioning,enhanced,8,0.1655236095267638,0.3016265275175561,0.07182496456158463,0.2857142857142857,1.8222568271675201,0.4339257992677542
holonomic pendulum,COSMOS-predict2,multi_frame_conditioning,plain,7,0.2354886711080013,0.34205437864517735,0.10797337194911864,0.25,1.4525300815354392,0.45850771266868806
holonomic pendulum,COSMOS-predict2,single_frame_conditioning,enhanced,28,0.2641886659126413,0.20646685261175457,0.1327538866122387,0.3902439024390244,0.7815129082033615,0.5024965251769588
holonomic pendulum,COSMOS-predict2,single_frame_conditioning,plain,30,0.23543577487225928,0.170658824084933,0.12785898304891222,0.4634146341463415,0.7248636031526118,0.5430737241113202
holonomic pendulum,CogVideo,keyframe_interpolation,enhanced,28,0.5885993015427385,0.3812702520462028,0.24714378286360714,0.17073170731707318,0.6477585872882973,0.4198846009769889
holonomic pendulum,CogVideo,keyframe_interpolation,plain,23,0.43359085975812445,0.33948624099491836,0.19333818708012335,0.2682926829268293,0.7829644775821574,0.4459000523857345
holonomic pendulum,CogVideo,multi_frame_conditioning,enhanced,6,0.2717150149204794,0.3146776373608858,0.11358616064580118,0.19047619047619047,1.158116482642595,0.41803416965765955
holonomic pendulum,CogVideo,multi_frame_conditioning,plain,5,0.18023934348316517,0.2731124770899159,0.15083676048514866,0.15,1.515276697151448,0.836869229382414
holonomic pendulum,LTX,multi_frame_conditioning,enhanced,5,0.16729590536160294,0.304187114471396,0.07840087887061645,0.19047619047619047,1.8182579771687095,0.46863596990707157
holonomic pendulum,LTX,multi_frame_conditioning,plain,4,0.14592691639307892,0.3070205618197338,0.049669903623044714,0.14285714285714285,2.1039337320931377,0.34037520185275755
holonomic pendulum,LTX,single_frame_conditioning,enhanced,1,0.0,0.3271617399983581,0.0,0.05555555555555555,0.0,0.0
holonomic pendulum,LTX,single_frame_conditioning,plain,4,0.0,0.2778140630674848,0.0,0.2222222222222222,0.0,0.0
holonomic pendulum,PyramidalFlow,multi_frame_conditioning,enhanced,4,0.5106153982640722,0.2483578835815263,0.33614256856181984,0.047619047619047616,0.4863893341757085,0.6583087186649604
holonomic pendulum,PyramidalFlow,multi_frame_conditioning,plain,4,0.29887586768769037,0.238493761180904,0.21108091089244274,0.1,0.79796928077886,0.7062494289870578
holonomic pendulum,WAN-2.1,keyframe_interpolation,enhanced,23,0.8146235561905932,0.41163077542896553,0.3869032867520678,0.0,0.5053018321172368,0.47494733464538563
holonomic pendulum,WAN-2.1,keyframe_interpolation,plain,14,0.6666444479427671,0.3682542923405597,0.324445993252026,0.06666666666666667,0.5523998489404282,0.48668521016450494
holonomic pendulum,WAN-2.1,single_frame_conditioning,enhanced,29,0.4046433371817577,0.2587937687978022,0.20994909827092428,0.3,0.6395601879923138,0.5188497597246222
holonomic pendulum,WAN-2.1,single_frame_conditioning,plain,7,0.0,0.268476615793517,0.0,0.3888888888888889,0.0,0.0
non_holonomic,COSMOS-predict1,multi_frame_conditioning,enhanced,3,0.0,0.0,0.3892833823815227,0.15,0.0,0.0
non_holonomic,COSMOS-predict1,multi_frame_conditioning,plain,2,0.0,0.0,0.42280139677654416,0.1,0.0,0.0
non_holonomic,COSMOS-predict1,single_frame_conditioning,enhanced,20,0.6140277473922997,0.27022479760514095,0.34380294978715875,0.15,0.4400856455636613,0.5599143544363387
non_holonomic,COSMOS-predict1,single_frame_conditioning,plain,20,0.626358110955406,0.27889922365117953,0.3474588873042264,0.15,0.44527119354416084,0.5547288064558392
non_holonomic,COSMOS-predict2,multi_frame_conditioning,enhanced,9,0.0,0.0,0.26223264534644064,0.45,0.0,0.0
non_holonomic,COSMOS-predict2,multi_frame_conditioning,plain,3,0.0,0.0,0.3998576426000854,0.15,0.0,0.0
non_holonomic,COSMOS-predict2,single_frame_conditioning,enhanced,20,0.6860082319960363,0.39233340106095466,0.2936748309350816,0.05,0.5719077159167698,0.42809228408323013
non_holonomic,COSMOS-predict2,single_frame_conditioning,plain,20,0.7344026436319234,0.43171089746663505,0.3026917461652885,0.0,0.5878395199282602,0.41216048007173994
non_holonomic,CogVideo,keyframe_interpolation,enhanced,20,0.6965285322382553,0.40929606720030637,0.2872324650379489,0.1,0.5876228298718166,0.4123771701281835
non_holonomic,CogVideo,keyframe_interpolation,plain,20,0.5175923284995014,0.30816522065028285,0.2094271078492186,0.3,0.5953821254338387,0.4046178745661613
non_holonomic,CogVideo,multi_frame_conditioning,enhanced,0,,,0.24561378533811626,0.0,0.0,0.0
non_holonomic,CogVideo,multi_frame_conditioning,plain,0,,,0.2362077733647993,0.0,0.0,0.0
non_holonomic,CogVideo,single_frame_conditioning,enhanced,19,0.6503141798602756,0.45875858287883714,0.18813269817515405,0.05,0.7054414575081301,0.2892950884379849
non_holonomic,CogVideo,single_frame_conditioning,plain,20,0.6154088066345847,0.40721572123940347,0.2081930853951813,0.1,0.6616995350883865,0.33830046491161353
non_holonomic,LTX,multi_frame_conditioning,enhanced,1,0.0,0.0,0.3824254030248536,0.05,0.0,0.0
non_holonomic,LTX,multi_frame_conditioning,plain,1,0.0,0.0,0.37979892242825647,0.05,0.0,0.0
non_holonomic,LTX,single_frame_conditioning,enhanced,20,0.273093942498782,0.085582041250628,0.18751190124815395,0.55,0.31337949303291374,0.6866205069670861
non_holonomic,LTX,single_frame_conditioning,plain,20,0.32904506061595323,0.13356041006121092,0.19548465055474232,0.45,0.4059030997492975,0.5940969002507025
non_holonomic,PyramidalFlow,multi_frame_conditioning,enhanced,11,0.0,0.0,0.20839782626245684,0.55,0.0,0.0
non_holonomic,PyramidalFlow,multi_frame_conditioning,plain,8,0.0,0.0,0.28158718744894357,0.4,0.0,0.0
non_holonomic,PyramidalFlow,single_frame_conditioning,enhanced,20,0.4628231514120539,0.22689230482316072,0.23593084658889318,0.35,0.49023542606051984,0.5097645739394802
non_holonomic,PyramidalFlow,single_frame_conditioning,plain,20,0.5087667506730886,0.28620768789477447,0.22255906277831414,0.35,0.562551871788255,0.43744812821174495
non_holonomic,WAN-2.1,keyframe_interpolation,enhanced,13,0.6218268272012857,0.43005140582859713,0.18762825298625346,0.07142857142857142,0.6915935225312967,0.30173714735134466
non_holonomic,WAN-2.1,single_frame_conditioning,enhanced,20,0.682162212125344,0.4105911543488494,0.2715710577764946,0.05,0.6018966560308463,0.39810334396915364
non_holonomic,WAN-2.1,single_frame_conditioning,plain,0,,,0.4221639854074171,0.0,0.0,0.0
projectile,COSMOS-predict1,multi_frame_conditioning,enhanced,30,0.03879810772445662,0.019550875669981316,0.019247232054475306,0.9333333333333333,0.5039131240325235,0.4960868759674766
projectile,COSMOS-predict1,multi_frame_conditioning,plain,28,0.3230218740369078,0.1480854559327533,0.17493641810415445,0.2857142857142857,0.45843785772796725,0.5415621422720326
projectile,COSMOS-predict1,single_frame_conditioning,enhanced,50,0.23297876403094253,0.11864415695800049,0.11433460707294203,0.7,0.509248804076594,0.49075119592340594
projectile,COSMOS-predict1,single_frame_conditioning,plain,50,0.26273855935349016,0.11304296250363816,0.149695596849852,0.52,0.4302488480632545,0.5697511519367455
projectile,COSMOS-predict2,multi_frame_conditioning,enhanced,30,0.3249427207289472,0.15264864963024186,0.17229407109870537,0.5,0.46977094697737387,0.5302290530226262
projectile,COSMOS-predict2,multi_frame_conditioning,plain,28,0.54335406340135,0.25813150859923045,0.28522255480211955,0.17857142857142858,0.4750705405299618,0.5249294594700383
projectile,COSMOS-predict2,single_frame_conditioning,enhanced,50,0.32178875898592346,0.1285828572702368,0.1932059017156867,0.48,0.39958778446907034,0.6004122155309297
projectile,COSMOS-predict2,single_frame_conditioning,plain,50,0.3730395970649853,0.17561925902987163,0.1974203380351137,0.46,0.47077913554382783,0.5292208644561722
projectile,CogVideo,keyframe_interpolation,enhanced,50,0.581576950083966,0.31975726565354934,0.2618196844304167,0.18,0.5498107612541795,0.45018923874582045
projectile,CogVideo,keyframe_interpolation,plain,50,0.47270447082369027,0.25629802317000355,0.2164064476536867,0.28,0.5421950478348613,0.4578049521651386
projectile,CogVideo,multi_frame_conditioning,enhanced,50,0.2567841732694336,0.12854744937644502,0.12823672389298857,0.56,0.5006050323886793,0.4993949676113208
projectile,CogVideo,multi_frame_conditioning,plain,48,0.4151524635493466,0.21306367624312897,0.20208878730621763,0.3541666666666667,0.5132179017355233,0.4867820982644767
projectile,CogVideo,single_frame_conditioning,enhanced,50,0.2820602551231878,0.14606063111589887,0.1359996240072889,0.6,0.5178348543012837,0.4821651456987162
projectile,CogVideo,single_frame_conditioning,plain,50,0.17277582156470483,0.09360453662148764,0.07917128494321721,0.72,0.541768725356242,0.4582312746437581
projectile,LTX,multi_frame_conditioning,enhanced,50,0.14704582050173168,0.0847026744862332,0.062343146015498487,0.74,0.5760291193399523,0.4239708806600478
projectile,LTX,multi_frame_conditioning,plain,48,0.2447562341161579,0.1452746200881774,0.0994816140279805,0.625,0.5935481913781697,0.4064518086218303
projectile,LTX,single_frame_conditioning,enhanced,50,0.2991974484103284,0.16559708092806036,0.13360036748226806,0.62,0.5534708995945564,0.4465291004054436
projectile,LTX,single_frame_conditioning,plain,50,0.28861406943415596,0.15508355551344605,0.13353051392070994,0.62,0.5373388616067679,0.46266113839323214
projectile,PyramidalFlow,multi_frame_conditioning,enhanced,50,0.09125030951871882,0.04152436735487285,0.04972594216384595,0.84,0.45506001649621436,0.5449399835037855
projectile,PyramidalFlow,multi_frame_conditioning,plain,45,0.18225241737817705,0.08572755998226149,0.09652485739591557,0.7111111111111111,0.4703781777795312,0.5296218222204688
projectile,PyramidalFlow,single_frame_conditioning,enhanced,50,0.40085555046956,0.20709164657645626,0.19376390389310377,0.5,0.5166241214169799,0.4833758785830202
projectile,PyramidalFlow,single_frame_conditioning,plain,50,0.2985259519628185,0.15166383927071275,0.14686211269210575,0.62,0.5080423938807254,0.4919576061192746
projectile,WAN-2.1,keyframe_interpolation,enhanced,50,0.704045248997476,0.3715056382470876,0.3325396107503883,0.06,0.5276729567823836,0.4723270432176163
projectile,WAN-2.1,keyframe_interpolation,plain,36,0.7116769252407229,0.3713155651178579,0.340361360122865,0.0,0.521747371522916,0.4782526284770841
projectile,WAN-2.1,single_frame_conditioning,enhanced,45,0.3262292527103554,0.15307875226957607,0.17315050044077934,0.4888888888888889,0.4692367437860882,0.5307632562139117
projectile,WAN-2.1,single_frame_conditioning,plain,27,0.23050431513909478,0.10194455005368765,0.12855976508540715,0.6296296296296297,0.44226742563222976,0.5577325743677704
rolling,COSMOS-predict1,multi_frame_conditioning,enhanced,9,0.6197066145082288,0.4238838165222791,0.19582279798594981,0.1111111111111111,0.684007248911897,0.3159927510881031
rolling,COSMOS-predict1,multi_frame_conditioning,plain,4,0.64471410284222,0.47199066811795365,0.17272343472426632,0.0,0.7320929789455269,0.26790702105447306
rolling,COSMOS-predict1,single_frame_conditioning,enhanced,79,0.3739660528586753,0.26059871252110683,0.11336734033756848,0.3291139240506329,0.6968512530189181,0.30314874698108196
rolling,COSMOS-predict1,single_frame_conditioning,plain,69,0.23098679124159857,0.15800467723762743,0.07298211400397116,0.5507246376811594,0.6840420458170867,0.3159579541829133
rolling,COSMOS-predict2,multi_frame_conditioning,enhanced,36,0.7464441949785688,0.4788487598387341,0.26759543513983475,0.027777777777777776,0.6415064422230282,0.3584935577769718
rolling,COSMOS-predict2,multi_frame_conditioning,plain,31,0.7233705235359408,0.493996967838004,0.2293735556979368,0.0,0.68291000499063,0.31708999500936996
rolling,COSMOS-predict2,single_frame_conditioning,enhanced,96,0.6605597096520731,0.4298877668200909,0.2306719428319821,0.08333333333333333,0.6507931993710596,0.34920680062894016
rolling,COSMOS-predict2,single_frame_conditioning,plain,96,0.5856400556922629,0.38754910197318604,0.19809095371907678,0.10416666666666667,0.6617530652254976,0.3382469347745024
rolling,CogVideo,keyframe_interpolation,enhanced,87,0.5242308770327582,0.3665143580745173,0.15771651895824082,0.1724137931034483,0.6991468342136866,0.3008531657863133
rolling,CogVideo,keyframe_interpolation,plain,84,0.48984034430800855,0.3043785205346492,0.1854618237733594,0.30952380952380953,0.6213831181354427,0.37861688186455744
rolling,CogVideo,multi_frame_conditioning,enhanced,96,0.35180571828659146,0.259112350206275,0.09269336808031647,0.375,0.7365211443072518,0.26347885569274826
rolling,CogVideo,multi_frame_conditioning,plain,32,0.4668816977341028,0.36384856884821015,0.1030331288858927,0.125,0.779316410589794,0.2206835894102061
rolling,CogVideo,single_frame_conditioning,enhanced,69,0.18403167587522015,0.13959985573400557,0.044431820141214565,0.6521739130434783,0.7585642801441373,0.24143571985586262
rolling,CogVideo,single_frame_conditioning,plain,69,0.18598923949449286,0.1330763606131332,0.05291287888135968,0.6666666666666666,0.7155056979362162,0.2844943020637838
rolling,LTX,multi_frame_conditioning,enhanced,96,0.39877241922509854,0.2947256156071574,0.10404680361794115,0.3541666666666667,0.7390822469113418,0.26091775308865817
rolling,LTX,multi_frame_conditioning,plain,30,0.4598679752238322,0.3525307246358551,0.10733725058797709,0.26666666666666666,0.7665911601351829,0.233408839864817
rolling,LTX,single_frame_conditioning,enhanced,96,0.41094451701200724,0.3121532062545444,0.09879131075746282,0.2916666666666667,0.7595993944005431,0.2404006055994568
rolling,LTX,single_frame_conditioning,plain,96,0.32040620336271713,0.2406227563804221,0.07978344698229499,0.4583333333333333,0.7509928142933742,0.24900718570662572
rolling,PyramidalFlow,multi_frame_conditioning,enhanced,96,0.4202826945304973,0.2503360524567899,0.16994664207370738,0.3854166666666667,0.5956373072568292,0.40436269274317077
rolling,PyramidalFlow,multi_frame_conditioning,plain,20,0.446228169497408,0.27862549466394426,0.16760267483346372,0.25,0.6244014020400447,0.37559859795995526
rolling,PyramidalFlow,single_frame_conditioning,enhanced,69,0.19478143770696124,0.11988293660034315,0.0748985011066181,0.6956521739130435,0.6154741335296072,0.3845258664703927
rolling,PyramidalFlow,single_frame_conditioning,plain,69,0.15084277694982834,0.09146363855685402,0.05937913839297431,0.782608695652174,0.6063508005244139,0.3936491994755861
rolling,WAN-2.1,keyframe_interpolation,enhanced,87,0.527380454979841,0.278967046034312,0.248413408945529,0.27586206896551724,0.5289673581949021,0.4710326418050979
rolling,WAN-2.1,keyframe_interpolation,plain,51,0.5146357718402945,0.282697176285694,0.2319385955546005,0.35294117647058826,0.5493150530030054,0.4506849469969945
rolling,WAN-2.1,single_frame_conditioning,enhanced,72,0.5386665807019217,0.3786355718868235,0.16003100881509832,0.1527777777777778,0.7029126837485143,0.2970873162514858
rolling,WAN-2.1,single_frame_conditioning,plain,18,0.49348939441183276,0.3601654859423253,0.13332390846950748,0.16666666666666666,0.7298342984079524,0.27016570159204756
sliding,COSMOS-predict1,multi_frame_conditioning,enhanced,3,0.5567893630191343,0.37785099462634913,0.17893836839278518,0.0,0.678624664410775,0.32137533558922515
sliding,COSMOS-predict1,multi_frame_conditioning,plain,2,0.7018238720906949,0.49012664652817917,0.21169722556251572,0.0,0.6983613211504458,0.3016386788495542
sliding,COSMOS-predict1,single_frame_conditioning,enhanced,24,0.36486252830579874,0.2464039273598665,0.11845860094593226,0.25,0.6753336071643683,0.32466639283563176
sliding,COSMOS-predict1,single_frame_conditioning,plain,23,0.3856125400506058,0.26575907884573896,0.11985346120486687,0.30434782608695654,0.6891868164112663,0.3108131835887337
sliding,COSMOS-predict2,multi_frame_conditioning,enhanced,30,0.4373055443348802,0.26490110393784355,0.17240444039703667,0.43333333333333335,0.6057574786543007,0.3942425213456993
sliding,COSMOS-predict2,multi_frame_conditioning,plain,29,0.4074405847894059,0.24967747998952958,0.15776310479987632,0.4482758620689655,0.6127948204241375,0.3872051795758624
sliding,COSMOS-predict2,single_frame_conditioning,enhanced,50,0.4583094997814426,0.30538710156104615,0.15292239822039644,0.34,0.6663337803529674,0.3336662196470325
sliding,COSMOS-predict2,single_frame_conditioning,plain,50,0.4502687141038029,0.2938017479537633,0.15646696615003966,0.36,0.6525031359074873,0.3474968640925127
sliding,CogVideo,keyframe_interpolation,enhanced,50,0.40527713143510413,0.2535725397953797,0.1517045916397244,0.32,0.6256769013772581,0.3743230986227419
sliding,CogVideo,keyframe_interpolation,plain,49,0.45609849899843286,0.25242586400513833,0.2036726349932945,0.2653061224489796,0.5534459432764011,0.4465540567235989
sliding,CogVideo,multi_frame_conditioning,enhanced,50,0.3877900207382528,0.2598018751360278,0.12798814560222505,0.38,0.6699550304090642,0.3300449695909359
sliding,CogVideo,multi_frame_conditioning,plain,29,0.3452635770609243,0.22287361576683296,0.12238996129409133,0.41379310344827586,0.6455173107573559,0.3544826892426441
sliding,CogVideo,single_frame_conditioning,enhanced,23,0.4196717909739066,0.31126431458637827,0.10840747638752833,0.2608695652173913,0.7416851007880378,0.25831489921196216
sliding,CogVideo,single_frame_conditioning,plain,23,0.40259139993767973,0.29046600200988515,0.11212539792779462,0.30434782608695654,0.7214908268155968,0.2785091731844033
sliding,LTX,multi_frame_conditioning,enhanced,50,0.3982456338137547,0.2781474852317448,0.12009814858200984,0.36,0.6984319766875949,0.3015680233124049
sliding,LTX,multi_frame_conditioning,plain,29,0.30915701061371526,0.1877911533393074,0.12136585727440785,0.5172413793103449,0.6074297101221109,0.39257028987788917
sliding,LTX,single_frame_conditioning,enhanced,50,0.3266858206274756,0.24732056680044834,0.07936525382702729,0.34,0.7570593860652172,0.24294061393478292
sliding,LTX,single_frame_conditioning,plain,50,0.379773573435296,0.25206611587603606,0.12770745755925988,0.38,0.6637273720652442,0.33627262793475565
sliding,PyramidalFlow,multi_frame_conditioning,enhanced,50,0.2595554553569893,0.14158937662512883,0.11796607873186048,0.64,0.5455072266941513,0.4544927733058487
sliding,PyramidalFlow,multi_frame_conditioning,plain,20,0.33292453051322235,0.16315435741745998,0.16977017309576237,0.5,0.49006409099968734,0.5099359090003126
sliding,PyramidalFlow,single_frame_conditioning,enhanced,23,0.1797451578479975,0.10223780119100286,0.07750735665699467,0.782608695652174,0.568793075791565,0.43120692420843515
sliding,PyramidalFlow,single_frame_conditioning,plain,23,0.3239071320522113,0.17929679173474927,0.14461034031746198,0.5652173913043478,0.553543821646533,0.44645617835346685
sliding,WAN-2.1,keyframe_interpolation,enhanced,50,0.34290120498340804,0.17275193386122317,0.17014927112218486,0.58,0.5037950621071224,0.49620493789287756
sliding,WAN-2.1,keyframe_interpolation,plain,38,0.2614710555003512,0.13705941237925715,0.1244116431210941,0.631578947368421,0.5241857922552083,0.4758142077447918
sliding,WAN-2.1,single_frame_conditioning,enhanced,45,0.3650349426593596,0.25524641267351167,0.1097885299858479,0.4666666666666667,0.6992382998021658,0.30076170019783416
sliding,WAN-2.1,single_frame_conditioning,plain,27,0.1408083124881262,0.10960093234036779,0.031207380147758416,0.7777777777777778,0.7783697595950523,0.22163024040494775
spring,COSMOS-predict1,multi_frame_conditioning,enhanced,23,0.4083212786175216,0.08398624014462173,0.32433503847289985,0.2608695652173913,0.2056866603400614,0.7943133396599386
spring,COSMOS-predict1,multi_frame_conditioning,plain,23,0.6777098366687914,0.24874714118387828,0.42896269548491306,0.0,0.3670407713226765,0.6329592286773235
spring,COSMOS-predict1,single_frame_conditioning,enhanced,23,0.4129430153116767,0.058593546772506035,0.35434946853917065,0.08695652173913043,0.14189257258239718,0.8581074274176028
spring,COSMOS-predict1,single_frame_conditioning,plain,23,0.6928532303613624,0.2690388717802682,0.4238143585810942,0.043478260869565216,0.38830571900480154,0.6116942809951985
spring,COSMOS-predict2,multi_frame_conditioning,enhanced,23,0.5031682617259867,0.16410080685807568,0.339067454867911,0.13043478260869565,0.3261350513149834,0.6738649486850166
spring,COSMOS-predict2,multi_frame_conditioning,plain,23,0.4757007201553945,0.16502916548224023,0.3106715546731543,0.21739130434782608,0.3469180484493088,0.6530819515506914
spring,COSMOS-predict2,single_frame_conditioning,enhanced,23,0.3774678556520289,0.1203323898622645,0.2571354657897644,0.30434782608695654,0.31878844267256934,0.6812115573274306
spring,COSMOS-predict2,single_frame_conditioning,plain,23,0.5890625119771066,0.2358079114661951,0.3532546005109115,0.13043478260869565,0.40031050469455026,0.5996894953054498
spring,CogVideo,multi_frame_conditioning,enhanced,23,0.527480222925261,0.1467426885913561,0.38073753433390484,0.0,0.2781956217762276,0.7218043782237724
spring,CogVideo,multi_frame_conditioning,plain,23,0.7472328349781899,0.30164965686152234,0.4455831781166676,0.0,0.40368897449524793,0.596311025504752
spring,CogVideo,single_frame_conditioning,enhanced,23,0.4067427783740921,0.1662695616009183,0.24047321677317382,0.21739130434782608,0.40878306989385754,0.5912169301061425
spring,CogVideo,single_frame_conditioning,plain,23,0.51206470515983,0.2667648103180166,0.24529989484181355,0.21739130434782608,0.5209591827555302,0.47904081724447
spring,LTX,multi_frame_conditioning,enhanced,23,0.40951950087797007,0.10434901982853391,0.30517048104943617,0.13043478260869565,0.2548084269609133,0.7451915730390867
spring,LTX,multi_frame_conditioning,plain,23,0.5383989976492229,0.18050135087738023,0.3578976467718427,0.043478260869565216,0.33525573350896215,0.6647442664910378
spring,LTX,single_frame_conditioning,enhanced,23,0.43231938363544825,0.09332160648245649,0.33899777715299173,0.13043478260869565,0.21586264695720792,0.784137353042792
spring,LTX,single_frame_conditioning,plain,23,0.530553091726098,0.09566325567667579,0.4348898360494222,0.0,0.18030854436347846,0.8196914556365216
spring,PyramidalFlow,multi_frame_conditioning,enhanced,23,0.6512729035240593,0.28276388855984147,0.3685090149642178,0.17391304347826086,0.43417112400930036,0.5658288759906995
spring,PyramidalFlow,multi_frame_conditioning,plain,23,0.6504023041172579,0.28637576359515166,0.3640265405221062,0.17391304347826086,0.4403055797654775,0.5596944202345224
spring,WAN-2.1,keyframe_interpolation,enhanced,23,0.608803880376096,0.3032130659742587,0.30559081440183733,0.13043478260869565,0.4980471967211265,0.5019528032788735
spring,WAN-2.1,keyframe_interpolation,plain,12,0.6360699163400682,0.244953152121779,0.3911167642182891,0.0,0.385104130582427,0.614895869417573
spring,WAN-2.1,single_frame_conditioning,enhanced,23,0.3981998620319143,0.11632598902380797,0.2818738730081064,0.21739130434782608,0.2921296567764377,0.7078703432235625
spring,WAN-2.1,single_frame_conditioning,plain,23,0.49828595083035665,0.22340071611179693,0.27488523471855975,0.08695652173913043,0.44833838028047185,0.5516616197195282
